{
   "type" : "rig",
   "skeleton": {
      "ATTOVERCOG": [10.5,7.99999952316,17.5],
      "body1": [10.5,8.01752853394,6.50918006897],
      "body2": [10.5,11.0454597473,6.46334409714],
      "body3": [10.5,16.9885025024,6.37415218353],
      "headZilla": [10.5,3.0,8.0],
      "head": [10.5,4.98951244354,6.5],
      "jawZilla": [10.5,3.10862446895e-15,5.0],
      "leftBackLeg": [16.5,16.0,3.43954777718],
      "leftFrontLeg": [17.0,7.0,3.46236276627],
      "rightBackLeg": [4.5,16.0,2.5],
      "rightFrontLeg": [4.0,7.0,3.46236276627],
      "root": [10.5,11.0,0.0]
   },
   "animation_root" : "file(animations)",
   "effects_root": "file(effects)"
}
